# Test cases to reproduce issue where a time change overlaps with the incidence of a time
# change of a prior rule, causing overlapping time periods to be parsed.  Overlaps were occuring
# for `2020a` for `America/Whitehorse` at the rule change at 1980, and at 2020.
#
# Historically this was caused because the naive algorithm applies rules by generating periods for
# each year that the rule is in effect.  This means that periods from one zone line can overlap with
# periods on adjacent zone lines.  A post-process was used to try and reconcile some of the problems
# but now, instead, the periods of each rule are hard limited to within the time boundary implied
# by the end of the last zone line, and the IN/ON/AT (relative to the offset of each subsequent
# invocation of the rules).
#
# Other edge cases are covered, such as when the time offset negates a simultaneous daylight savings
# change.
#
# As these edge cases may disappear in later versions of the tzdata, PLEASE DO NOT UPDATE THEM.

# Rule	NAME	FROM	TO	TYPE	IN	ON	AT	SAVE	LETTER/S
Rule	Canada	1918	only	-	Apr	14	2:00	1:00	D
Rule	Canada	1918	only	-	Oct	27	2:00	0	S
Rule	Canada	1942	only	-	Feb	 9	2:00	1:00	W # War
Rule	Canada	1945	only	-	Aug	14	23:00u	1:00	P # Peace
Rule	Canada	1945	only	-	Sep	30	2:00	0	S
Rule	Canada	1974	1986	-	Apr	lastSun	2:00	1:00	D
Rule	Canada	1974	2006	-	Oct	lastSun	2:00	0	S
Rule	Canada	1987	2006	-	Apr	Sun>=1	2:00	1:00	D
Rule	Canada	2007	max	-	Mar	Sun>=8	2:00	1:00	D
Rule	Canada	2007	max	-	Nov	Sun>=1	2:00	0	S

Rule	NT_YK	1918	only	-	Apr	14	2:00	1:00	D
Rule	NT_YK	1918	only	-	Oct	27	2:00	0	S
Rule	NT_YK	1919	only	-	May	25	2:00	1:00	D
Rule	NT_YK	1919	only	-	Nov	 1	0:00	0	S
Rule	NT_YK	1942	only	-	Feb	 9	2:00	1:00	W # War
Rule	NT_YK	1945	only	-	Aug	14	23:00u	1:00	P # Peace
Rule	NT_YK	1945	only	-	Sep	30	2:00	0	S
Rule	NT_YK	1965	only	-	Apr	lastSun	0:00	2:00	DD
Rule	NT_YK	1965	only	-	Oct	lastSun	2:00	0	S
Rule	NT_YK	1980	1986	-	Apr	lastSun	2:00	1:00	D
Rule	NT_YK	1980	2006	-	Oct	lastSun	2:00	0	S
Rule	NT_YK	1987	2006	-	Apr	Sun>=1	2:00	1:00	D

Zone America/Whitehorse	-9:00:12 -	LMT	1900 Aug 20
			-9:00	NT_YK	Y%sT	1967 May 28  0:00
			-8:00	NT_YK	P%sT	1980
# Here a zone line 'until' perfectly coincides with the onset of daylight savings in the Canada
# ruleset, which was causing a spurious extra period to be generated for the PDT along with MST.
			-8:00	Canada	P%sT	2020 Mar  8  2:00
			-7:00	-	MST

# Rule	NAME	FROM	TO	TYPE	IN	ON	AT	SAVE	LETTER/S
Rule	Chile	1927	1931	-	Sep	 1	0:00	1:00	S
Rule	Chile	1928	1932	-	Apr	 1	0:00	0	-
Rule	Chile	1968	only	-	Nov	 3	4:00u	1:00	S
Rule	Chile	1969	only	-	Mar	30	3:00u	0	-
Rule	Chile	1969	only	-	Nov	23	4:00u	1:00	S
Rule	Chile	1970	only	-	Mar	29	3:00u	0	-
Rule	Chile	1971	only	-	Mar	14	3:00u	0	-
Rule	Chile	1970	1972	-	Oct	Sun>=9	4:00u	1:00	S
Rule	Chile	1972	1986	-	Mar	Sun>=9	3:00u	0	-
Rule	Chile	1973	only	-	Sep	30	4:00u	1:00	S
Rule	Chile	1974	1987	-	Oct	Sun>=9	4:00u	1:00	S
Rule	Chile	1987	only	-	Apr	12	3:00u	0	-
Rule	Chile	1988	1990	-	Mar	Sun>=9	3:00u	0	-
Rule	Chile	1988	1989	-	Oct	Sun>=9	4:00u	1:00	S
Rule	Chile	1990	only	-	Sep	16	4:00u	1:00	S
Rule	Chile	1991	1996	-	Mar	Sun>=9	3:00u	0	-
Rule	Chile	1991	1997	-	Oct	Sun>=9	4:00u	1:00	S
Rule	Chile	1997	only	-	Mar	30	3:00u	0	-
Rule	Chile	1998	only	-	Mar	Sun>=9	3:00u	0	-
Rule	Chile	1998	only	-	Sep	27	4:00u	1:00	S
Rule	Chile	1999	only	-	Apr	 4	3:00u	0	-
Rule	Chile	1999	2010	-	Oct	Sun>=9	4:00u	1:00	S
Rule	Chile	2000	2007	-	Mar	Sun>=9	3:00u	0	-
Rule	Chile	2008	only	-	Mar	30	3:00u	0	-
Rule	Chile	2009	only	-	Mar	Sun>=9	3:00u	0	-
Rule	Chile	2010	only	-	Apr	Sun>=1	3:00u	0	-
Rule	Chile	2011	only	-	May	Sun>=2	3:00u	0	-
Rule	Chile	2011	only	-	Aug	Sun>=16	4:00u	1:00	S
Rule	Chile	2012	2015	-	Apr	Sun>=23	3:00u	0	-
Rule	Chile	2012	2014	-	Sep	Sun>=2	4:00u	1:00	S

Zone America/Santiago	-4:42:46 -	LMT	1890
			-4:42:46 -	SMT	1910 Jan 10 # Santiago Mean Time
			-5:00	-	CLT	1916 Jul  1 # Chile Time
			-4:42:46 -	SMT	1918 Sep 10
			-4:00	-	CLT	1919 Jul  1
			-4:42:46 -	SMT	1927 Sep  1
			-5:00	Chile	CL%sT	1932 Sep  1
			-4:00	-	CLT	1942 Jun  1
			-5:00	-	CLT	1942 Aug  1
			-4:00	-	CLT	1946 Jul 15
			-4:00	1:00	CLST	1946 Sep  1 # central Chile
			-4:00	-	CLT	1947 Apr  1
			-5:00	-	CLT	1947 May 21 23:00
			-4:00	Chile	CL%sT	2015 Apr 26  3:00u
			-3:00	-	CLT

Zone Pacific/Easter	-7:17:28 -	LMT	1890
			-7:17:28 -	EMT	1932 Sep    # Easter Mean Time
			-7:00	Chile	EAS%sT	1982 Mar 14 3:00u # Easter Time
			-6:00	Chile	EAS%sT	2015 Apr 26 3:00u
			-5:00	-	EAST

# Rule	NAME	FROM	TO	TYPE	IN	ON	AT	SAVE	LETTER/S
Rule	Mexico	1939	only	-	Feb	5	0:00	1:00	D
Rule	Mexico	1939	only	-	Jun	25	0:00	0	S
Rule	Mexico	1940	only	-	Dec	9	0:00	1:00	D
Rule	Mexico	1941	only	-	Apr	1	0:00	0	S
Rule	Mexico	1943	only	-	Dec	16	0:00	1:00	W # War
Rule	Mexico	1944	only	-	May	1	0:00	0	S
Rule	Mexico	1950	only	-	Feb	12	0:00	1:00	D
Rule	Mexico	1950	only	-	Jul	30	0:00	0	S
Rule	Mexico	1996	2000	-	Apr	Sun>=1	2:00	1:00	D
Rule	Mexico	1996	2000	-	Oct	lastSun	2:00	0	S
Rule	Mexico	2001	only	-	May	Sun>=1	2:00	1:00	D
Rule	Mexico	2001	only	-	Sep	lastSun	2:00	0	S
Rule	Mexico	2002	max	-	Apr	Sun>=1	2:00	1:00	D
Rule	Mexico	2002	max	-	Oct	lastSun	2:00	0	S

Zone Bahia/Banderas	-7:01:00 -	LMT	1921 Dec 31 23:59:00
			-7:00	-	MST	1927 Jun 10 23:00
			-6:00	-	CST	1930 Nov 15
			-7:00	-	MST	1931 May  1 23:00
			-6:00	-	CST	1931 Oct
			-7:00	-	MST	1932 Apr  1
			-6:00	-	CST	1942 Apr 24
			-7:00	-	MST	1949 Jan 14
			-8:00	-	PST	1970
			-7:00	Mexico	M%sT	2010 Apr  4  2:00
			-6:00	Mexico	C%sT

Rule	Jordan	1973	only	-	Jun	6	0:00	1:00	S
Rule	Jordan	1973	1975	-	Oct	1	0:00	0	-
Rule	Jordan	1974	1977	-	May	1	0:00	1:00	S
Rule	Jordan	1976	only	-	Nov	1	0:00	0	-
Rule	Jordan	1977	only	-	Oct	1	0:00	0	-
Rule	Jordan	1978	only	-	Apr	30	0:00	1:00	S
Rule	Jordan	1978	only	-	Sep	30	0:00	0	-
Rule	Jordan	1985	only	-	Apr	1	0:00	1:00	S
Rule	Jordan	1985	only	-	Oct	1	0:00	0	-
Rule	Jordan	1986	1988	-	Apr	Fri>=1	0:00	1:00	S
Rule	Jordan	1986	1990	-	Oct	Fri>=1	0:00	0	-
Rule	Jordan	1989	only	-	May	8	0:00	1:00	S
Rule	Jordan	1990	only	-	Apr	27	0:00	1:00	S
Rule	Jordan	1991	only	-	Apr	17	0:00	1:00	S
Rule	Jordan	1991	only	-	Sep	27	0:00	0	-
Rule	Jordan	1992	only	-	Apr	10	0:00	1:00	S
Rule	Jordan	1992	1993	-	Oct	Fri>=1	0:00	0	-
Rule	Jordan	1993	1998	-	Apr	Fri>=1	0:00	1:00	S
Rule	Jordan	1994	only	-	Sep	Fri>=15	0:00	0	-
Rule	Jordan	1995	1998	-	Sep	Fri>=15	0:00s	0	-
Rule	Jordan	1999	only	-	Jul	 1	0:00s	1:00	S
Rule	Jordan	1999	2002	-	Sep	lastFri	0:00s	0	-
Rule	Jordan	2000	2001	-	Mar	lastThu	0:00s	1:00	S
Rule	Jordan	2002	2012	-	Mar	lastThu	24:00	1:00	S
Rule	Jordan	2003	only	-	Oct	24	0:00s	0	-
Rule	Jordan	2004	only	-	Oct	15	0:00s	0	-
Rule	Jordan	2005	only	-	Sep	lastFri	0:00s	0	-
Rule	Jordan	2006	2011	-	Oct	lastFri	0:00s	0	-
Rule	Jordan	2013	only	-	Dec	20	0:00	0	-
Rule	Jordan	2014	max	-	Mar	lastThu	24:00	1:00	S
Rule	Jordan	2014	max	-	Oct	lastFri	0:00s	0	-

# Rule	NAME	FROM	TO	TYPE	IN	ON	AT	SAVE	LETTER/S
Rule	Zion	1940	only	-	Jun	 1	0:00	1:00	D
Rule	Zion	1942	1944	-	Nov	 1	0:00	0	S
Rule	Zion	1943	only	-	Apr	 1	2:00	1:00	D
Rule	Zion	1944	only	-	Apr	 1	0:00	1:00	D
Rule	Zion	1945	only	-	Apr	16	0:00	1:00	D
Rule	Zion	1945	only	-	Nov	 1	2:00	0	S
Rule	Zion	1946	only	-	Apr	16	2:00	1:00	D
Rule	Zion	1946	only	-	Nov	 1	0:00	0	S
Rule	Zion	1948	only	-	May	23	0:00	2:00	DD
Rule	Zion	1948	only	-	Sep	 1	0:00	1:00	D
Rule	Zion	1948	1949	-	Nov	 1	2:00	0	S
Rule	Zion	1949	only	-	May	 1	0:00	1:00	D
Rule	Zion	1950	only	-	Apr	16	0:00	1:00	D
Rule	Zion	1950	only	-	Sep	15	3:00	0	S
Rule	Zion	1951	only	-	Apr	 1	0:00	1:00	D
Rule	Zion	1951	only	-	Nov	11	3:00	0	S
Rule	Zion	1952	only	-	Apr	20	2:00	1:00	D
Rule	Zion	1952	only	-	Oct	19	3:00	0	S
Rule	Zion	1953	only	-	Apr	12	2:00	1:00	D
Rule	Zion	1953	only	-	Sep	13	3:00	0	S
Rule	Zion	1954	only	-	Jun	13	0:00	1:00	D
Rule	Zion	1954	only	-	Sep	12	0:00	0	S
Rule	Zion	1955	only	-	Jun	11	2:00	1:00	D
Rule	Zion	1955	only	-	Sep	11	0:00	0	S
Rule	Zion	1956	only	-	Jun	 3	0:00	1:00	D
Rule	Zion	1956	only	-	Sep	30	3:00	0	S
Rule	Zion	1957	only	-	Apr	29	2:00	1:00	D
Rule	Zion	1957	only	-	Sep	22	0:00	0	S
Rule	Zion	1974	only	-	Jul	 7	0:00	1:00	D
Rule	Zion	1974	only	-	Oct	13	0:00	0	S
Rule	Zion	1975	only	-	Apr	20	0:00	1:00	D
Rule	Zion	1975	only	-	Aug	31	0:00	0	S
Rule	Zion	1985	only	-	Apr	14	0:00	1:00	D
Rule	Zion	1985	only	-	Sep	15	0:00	0	S
Rule	Zion	1986	only	-	May	18	0:00	1:00	D
Rule	Zion	1986	only	-	Sep	 7	0:00	0	S
Rule	Zion	1987	only	-	Apr	15	0:00	1:00	D
Rule	Zion	1987	only	-	Sep	13	0:00	0	S

Rule	Zion	1988	only	-	Apr	10	0:00	1:00	D
Rule	Zion	1988	only	-	Sep	 4	0:00	0	S

Rule	Zion	1989	only	-	Apr	30	0:00	1:00	D
Rule	Zion	1989	only	-	Sep	 3	0:00	0	S
Rule	Zion	1990	only	-	Mar	25	0:00	1:00	D
Rule	Zion	1990	only	-	Aug	26	0:00	0	S
Rule	Zion	1991	only	-	Mar	24	0:00	1:00	D
Rule	Zion	1991	only	-	Sep	 1	0:00	0	S
Rule	Zion	1992	only	-	Mar	29	0:00	1:00	D
Rule	Zion	1992	only	-	Sep	 6	0:00	0	S
Rule	Zion	1993	only	-	Apr	 2	0:00	1:00	D
Rule	Zion	1993	only	-	Sep	 5	0:00	0	S

Rule	Zion	1994	only	-	Apr	 1	0:00	1:00	D
Rule	Zion	1994	only	-	Aug	28	0:00	0	S
Rule	Zion	1995	only	-	Mar	31	0:00	1:00	D
Rule	Zion	1995	only	-	Sep	 3	0:00	0	S

Rule	Zion	1996	only	-	Mar	15	0:00	1:00	D
Rule	Zion	1996	only	-	Sep	16	0:00	0	S
Rule	Zion	1997	only	-	Mar	21	0:00	1:00	D
Rule	Zion	1997	only	-	Sep	14	0:00	0	S
Rule	Zion	1998	only	-	Mar	20	0:00	1:00	D
Rule	Zion	1998	only	-	Sep	 6	0:00	0	S
Rule	Zion	1999	only	-	Apr	 2	2:00	1:00	D
Rule	Zion	1999	only	-	Sep	 3	2:00	0	S

Rule	Zion	2000	only	-	Apr	14	2:00	1:00	D
Rule	Zion	2000	only	-	Oct	 6	1:00	0	S
Rule	Zion	2001	only	-	Apr	 9	1:00	1:00	D
Rule	Zion	2001	only	-	Sep	24	1:00	0	S
Rule	Zion	2002	only	-	Mar	29	1:00	1:00	D
Rule	Zion	2002	only	-	Oct	 7	1:00	0	S
Rule	Zion	2003	only	-	Mar	28	1:00	1:00	D
Rule	Zion	2003	only	-	Oct	 3	1:00	0	S
Rule	Zion	2004	only	-	Apr	 7	1:00	1:00	D
Rule	Zion	2004	only	-	Sep	22	1:00	0	S

Rule	Zion	2005	only	-	Apr	 1	2:00	1:00	D
Rule	Zion	2005	only	-	Oct	 9	2:00	0	S
Rule	Zion	2006	2010	-	Mar	Fri>=26	2:00	1:00	D
Rule	Zion	2006	only	-	Oct	 1	2:00	0	S
Rule	Zion	2007	only	-	Sep	16	2:00	0	S
Rule	Zion	2008	only	-	Oct	 5	2:00	0	S
Rule	Zion	2009	only	-	Sep	27	2:00	0	S
Rule	Zion	2010	only	-	Sep	12	2:00	0	S
Rule	Zion	2011	only	-	Apr	 1	2:00	1:00	D
Rule	Zion	2011	only	-	Oct	 2	2:00	0	S
Rule	Zion	2012	only	-	Mar	Fri>=26	2:00	1:00	D
Rule	Zion	2012	only	-	Sep	23	2:00	0	S

Rule	Zion	2013	max	-	Mar	Fri>=23	2:00	1:00	D
Rule	Zion	2013	max	-	Oct	lastSun	2:00	0	S

Rule EgyptAsia	1957	only	-	May	10	0:00	1:00	S
Rule EgyptAsia	1957	1958	-	Oct	 1	0:00	0	-
Rule EgyptAsia	1958	only	-	May	 1	0:00	1:00	S
Rule EgyptAsia	1959	1967	-	May	 1	1:00	1:00	S
Rule EgyptAsia	1959	1965	-	Sep	30	3:00	0	-
Rule EgyptAsia	1966	only	-	Oct	 1	3:00	0	-

Rule Palestine	1999	2005	-	Apr	Fri>=15	0:00	1:00	S
Rule Palestine	1999	2003	-	Oct	Fri>=15	0:00	0	-
Rule Palestine	2004	only	-	Oct	 1	1:00	0	-
Rule Palestine	2005	only	-	Oct	 4	2:00	0	-
Rule Palestine	2006	2007	-	Apr	 1	0:00	1:00	S
Rule Palestine	2006	only	-	Sep	22	0:00	0	-
Rule Palestine	2007	only	-	Sep	Thu>=8	2:00	0	-
Rule Palestine	2008	2009	-	Mar	lastFri	0:00	1:00	S
Rule Palestine	2008	only	-	Sep	 1	0:00	0	-
Rule Palestine	2009	only	-	Sep	Fri>=1	1:00	0	-
Rule Palestine	2010	only	-	Mar	26	0:00	1:00	S
Rule Palestine	2010	only	-	Aug	11	0:00	0	-
Rule Palestine	2011	only	-	Apr	 1	0:01	1:00	S
Rule Palestine	2011	only	-	Aug	 1	0:00	0	-
Rule Palestine	2011	only	-	Aug	30	0:00	1:00	S
Rule Palestine	2011	only	-	Sep	30	0:00	0	-
Rule Palestine	2012	2014	-	Mar	lastThu	24:00	1:00	S
Rule Palestine	2012	only	-	Sep	21	1:00	0	-
Rule Palestine	2013	only	-	Sep	Fri>=21	0:00	0	-
Rule Palestine	2014	max	-	Oct	Fri>=21	0:00	0	-
Rule Palestine	2015	max	-	Mar	lastFri	24:00	1:00	S

#Asia_Gaza
Zone	Asia/Gaza	2:17:52	-	LMT	1900 Oct
			2:00	Zion	EET	1948 May 15
			2:00 EgyptAsia	EE%sT	1967 Jun  5
			2:00	Zion	I%sT	1996
			2:00	Jordan	EE%sT	1999
			2:00 Palestine	EE%sT	2008 Aug 29  0:00
			2:00	-	EET	2008 Sep
			2:00 Palestine	EE%sT	2010
			2:00	-	EET	2010 Mar 27  0:01
			2:00 Palestine	EE%sT	2011 Aug  1
			2:00	-	EET	2012
			2:00 Palestine	EE%sT

# Rule	NAME	FROM	TO	TYPE	IN	ON	AT	SAVE	LETTER/S
Rule	Egypt	1940	only	-	Jul	15	0:00	1:00	S
Rule	Egypt	1940	only	-	Oct	 1	0:00	0	-
Rule	Egypt	1941	only	-	Apr	15	0:00	1:00	S
Rule	Egypt	1941	only	-	Sep	16	0:00	0	-
Rule	Egypt	1942	1944	-	Apr	 1	0:00	1:00	S
Rule	Egypt	1942	only	-	Oct	27	0:00	0	-
Rule	Egypt	1943	1945	-	Nov	 1	0:00	0	-
Rule	Egypt	1945	only	-	Apr	16	0:00	1:00	S
Rule	Egypt	1957	only	-	May	10	0:00	1:00	S
Rule	Egypt	1957	1958	-	Oct	 1	0:00	0	-
Rule	Egypt	1958	only	-	May	 1	0:00	1:00	S
Rule	Egypt	1959	1981	-	May	 1	1:00	1:00	S
Rule	Egypt	1959	1965	-	Sep	30	3:00	0	-
Rule	Egypt	1966	1994	-	Oct	 1	3:00	0	-
Rule	Egypt	1982	only	-	Jul	25	1:00	1:00	S
Rule	Egypt	1983	only	-	Jul	12	1:00	1:00	S
Rule	Egypt	1984	1988	-	May	 1	1:00	1:00	S
Rule	Egypt	1989	only	-	May	 6	1:00	1:00	S
Rule	Egypt	1990	1994	-	May	 1	1:00	1:00	S
Rule	Egypt	1995	2010	-	Apr	lastFri	 0:00s	1:00	S
Rule	Egypt	1995	2005	-	Sep	lastThu	24:00	0	-
Rule	Egypt	2006	only	-	Sep	21	24:00	0	-
Rule	Egypt	2007	only	-	Sep	Thu>=1	24:00	0	-
Rule	Egypt	2008	only	-	Aug	lastThu	24:00	0	-
Rule	Egypt	2009	only	-	Aug	20	24:00	0	-
Rule	Egypt	2010	only	-	Aug	10	24:00	0	-
# Having 2 time changes in the same month was confounding the rule sorting, which only sorted by
# month and not day.
Rule	Egypt	2010	only	-	Sep	 9	24:00	1:00	S
Rule	Egypt	2010	only	-	Sep	lastThu	24:00	0	-
Rule	Egypt	2014	only	-	May	15	24:00	1:00	S
Rule	Egypt	2014	only	-	Jun	26	24:00	0	-
Rule	Egypt	2014	only	-	Jul	31	24:00	1:00	S
Rule	Egypt	2014	only	-	Sep	lastThu	24:00	0	-

# Zone	NAME		GMTOFF	RULES	FORMAT	[UNTIL]
Zone	Africa/Cairo	2:05:09 -	LMT	1900 Oct
			2:00	Egypt	EE%sT

Rule	Arg	1930	only	-	Dec	 1	0:00	1:00	S
Rule	Arg	1931	only	-	Apr	 1	0:00	0	-
Rule	Arg	1931	only	-	Oct	15	0:00	1:00	S
Rule	Arg	1932	1940	-	Mar	 1	0:00	0	-
Rule	Arg	1932	1939	-	Nov	 1	0:00	1:00	S
Rule	Arg	1940	only	-	Jul	 1	0:00	1:00	S
Rule	Arg	1941	only	-	Jun	15	0:00	0	-
Rule	Arg	1941	only	-	Oct	15	0:00	1:00	S
Rule	Arg	1943	only	-	Aug	 1	0:00	0	-
Rule	Arg	1943	only	-	Oct	15	0:00	1:00	S
Rule	Arg	1946	only	-	Mar	 1	0:00	0	-
Rule	Arg	1946	only	-	Oct	 1	0:00	1:00	S
Rule	Arg	1963	only	-	Oct	 1	0:00	0	-
Rule	Arg	1963	only	-	Dec	15	0:00	1:00	S
Rule	Arg	1964	1966	-	Mar	 1	0:00	0	-
Rule	Arg	1964	1966	-	Oct	15	0:00	1:00	S
Rule	Arg	1967	only	-	Apr	 2	0:00	0	-
Rule	Arg	1967	1968	-	Oct	Sun>=1	0:00	1:00	S
Rule	Arg	1968	1969	-	Apr	Sun>=1	0:00	0	-
Rule	Arg	1974	only	-	Jan	23	0:00	1:00	S
Rule	Arg	1974	only	-	May	 1	0:00	0	-
Rule	Arg	1988	only	-	Dec	 1	0:00	1:00	S
Rule	Arg	1989	1993	-	Mar	Sun>=1	0:00	0	-
Rule	Arg	1989	1992	-	Oct	Sun>=15	0:00	1:00	S
Rule	Arg	1999	only	-	Oct	Sun>=1	0:00	1:00	S
Rule	Arg	2000	only	-	Mar	3	0:00	0	-
Rule	Arg	2007	only	-	Dec	30	0:00	1:00	S
Rule	Arg	2008	2009	-	Mar	Sun>=15	0:00	0	-
Rule	Arg	2008	only	-	Oct	Sun>=15	0:00	1:00	S

Zone America/Argentina/Buenos_Aires -3:53:48 - LMT	1894 Oct 31
			-4:16:48 -	CMT	1920 May    # Córdoba Mean Time
			-4:00	-	ART	1930 Dec
			-4:00	Arg	AR%sT	1969 Oct  5
# Here we have a time offset shift at the same time as (temporarily) adopting day light savings
# meaning that the time, after this zone line + the 'Arg' rule for 1999 have been combined, there
# is effectively no time change.
			-3:00	Arg	AR%sT	1999 Oct  3
			-4:00	Arg	AR%sT	2000 Mar  3
			-3:00	Arg	AR%sT
